{
  "container_ops": {
    "bits_append": 0.01576858409680426,
    "bits_extend": 0.016225041123107076,
    "bytearray_append": 0.003957292065024376,
    "bytearray_extend": 0.0043341671116650105,
    "dictionary_pop": 0.03362687514163554,
    "dictionary_setitem": 0.04079600004479289,
    "py_bits_list_append": 0.003011374967172742,
    "py_bits_list_extend": 0.0035231250803917646,
    "py_bytearray_append": 0.0036546660121530294,
    "py_bytearray_extend": 0.0038042080122977495,
    "py_dict_pop": 0.0032426670659333467,
    "py_dict_setitem": 0.0039292918518185616,
    "py_list_append": 0.0026411667931824923,
    "py_list_extend": 0.0036393331829458475,
    "py_list_insert": 0.0028019589371979237,
    "py_list_pop": 0.0025561668444424868,
    "py_list_setitem": 0.0035267500206828117,
    "typed_vector_append": 0.04961433284915984,
    "typed_vector_extend": 0.05746049992740154,
    "typed_vector_insert": 0.049297790974378586,
    "typed_vector_pop": 0.04952300013974309,
    "typed_vector_setitem": 0.043160333996638656
  },
  "op_runs": 20000,
  "profile_runs": 2000,
  "results": {
    "Array[10]": {
      "decode_s": 0.13681095885112882,
      "encode_s": 0.028746708063408732,
      "init_s": 0.015010874951258302,
      "json_decode_s": 0.1659199169371277,
      "json_encode_s": 0.0477460001129657
    },
    "Bits(var,64b)": {
      "decode_s": 0.01622424996457994,
      "encode_s": 0.011079916032031178,
      "init_s": 0.011615249793976545,
      "json_decode_s": 0.024438665946945548,
      "json_encode_s": 0.007608290994539857
    },
    "Bits[64,msb]": {
      "decode_s": 0.013128084130585194,
      "encode_s": 0.009539874969050288,
      "init_s": 0.014383915811777115,
      "json_decode_s": 0.02007216587662697,
      "json_encode_s": 0.007040708092972636
    },
    "Bool": {
      "decode_s": 0.007084875134751201,
      "encode_s": 0.00677850004285574,
      "init_s": 0.004090790869668126,
      "json_decode_s": 0.00398079096339643,
      "json_encode_s": 0.002720833057537675
    },
    "BoundedVector[0,10]": {
      "decode_s": 0.11881524999625981,
      "encode_s": 0.06083158287219703,
      "init_s": 0.010709957918152213,
      "json_decode_s": 0.11110904207453132,
      "json_encode_s": 0.026802249951288104
    },
    "ByteArray": {
      "decode_s": 0.006439582910388708,
      "encode_s": 0.006915083155035973,
      "init_s": 0.0031993750017136335,
      "json_decode_s": 0.009587832959368825,
      "json_encode_s": 0.0035222910810261965
    },
    "Bytes(var,64B)": {
      "decode_s": 0.008252291940152645,
      "encode_s": 0.010630499804392457,
      "init_s": 0.004457666072994471,
      "json_decode_s": 0.010214249836280942,
      "json_encode_s": 0.003608916886150837
    },
    "Bytes1024": {
      "decode_s": 0.014971583848819137,
      "encode_s": 0.0290285418741405,
      "init_s": 0.004513000138103962,
      "json_decode_s": 0.09527983400039375,
      "json_encode_s": 0.018766040913760662
    },
    "Bytes128": {
      "decode_s": 0.015650915913283825,
      "encode_s": 0.01575925014913082,
      "init_s": 0.0036384169943630695,
      "json_decode_s": 0.015396916074678302,
      "json_encode_s": 0.006002458045259118
    },
    "Bytes16": {
      "decode_s": 0.008910957956686616,
      "encode_s": 0.013105374993756413,
      "init_s": 0.003686875104904175,
      "json_decode_s": 0.006738957948982716,
      "json_encode_s": 0.0030445840675383806
    },
    "Bytes256": {
      "decode_s": 0.010486082872375846,
      "encode_s": 0.011521457927301526,
      "init_s": 0.0037937501911073923,
      "json_decode_s": 0.03086491720750928,
      "json_encode_s": 0.007438957924023271
    },
    "Bytes32": {
      "decode_s": 0.008513792185112834,
      "encode_s": 0.0111028749961406,
      "init_s": 0.0037949581164866686,
      "json_decode_s": 0.007508457871153951,
      "json_encode_s": 0.0033163749612867832
    },
    "Bytes512": {
      "decode_s": 0.027099333936348557,
      "encode_s": 0.015152875101193786,
      "init_s": 0.008913208963349462,
      "json_decode_s": 0.08986183302477002,
      "json_encode_s": 0.02731149992905557
    },
    "Bytes64": {
      "decode_s": 0.008400665828958154,
      "encode_s": 0.010866957949474454,
      "init_s": 0.0039620420429855585,
      "json_decode_s": 0.009804707951843739,
      "json_encode_s": 0.0036832918412983418
    },
    "Choice[U8,String]": {
      "decode_s": 0.0741098748985678,
      "encode_s": 0.06540116597898304,
      "init_s": 0.03772170818410814,
      "json_encode_s": 0.00292200013063848
    },
    "Dictionary[String,U16]": {
      "decode_s": 0.14970533293671906,
      "encode_s": 0.06199124990962446,
      "init_s": 0.023382000159472227,
      "json_decode_s": 0.17998029082082212,
      "json_encode_s": 0.0680517079308629
    },
    "Enum(Color)": {
      "decode_s": 0.019093708135187626,
      "encode_s": 0.023906958987936378,
      "init_s": 0.006460333010181785,
      "json_decode_s": 0.0075419999193400145,
      "json_encode_s": 0.0019479580223560333
    },
    "NullType": {
      "decode_s": 0.00579070788808167,
      "encode_s": 0.005322707816958427,
      "init_s": 0.0031972911674529314,
      "json_decode_s": 0.002930958056822419,
      "json_encode_s": 0.0014959161635488272
    },
    "Option[U16]": {
      "decode_s": 0.07523812493309379,
      "encode_s": 0.04879412497393787,
      "init_s": 0.037901833886280656,
      "json_decode_s": 0.056754125049337745,
      "json_encode_s": 0.005994457984343171
    },
    "PyArray('H',10)": {
      "decode_s": 0.006598582956939936,
      "encode_s": 0.008616166189312935,
      "init_s": 0.0066112501081079245
    },
    "PyBits(var,64b)": {
      "decode_s": 0.15091762482188642,
      "encode_s": 0.08816083404235542,
      "init_s": 0.006437791045755148
    },
    "PyBits[64,msb]": {
      "decode_s": 0.1911836250219494,
      "encode_s": 0.10173900006338954,
      "init_s": 0.004944666987285018
    },
    "PyByteArray(var,64B)": {
      "decode_s": 0.006594458129256964,
      "encode_s": 0.0066940828692168,
      "init_s": 0.003091040998697281
    },
    "PyBytes(var,64B)": {
      "decode_s": 0.005538332974538207,
      "encode_s": 0.005395791959017515,
      "init_s": 0.003515958786010742
    },
    "PyBytes1024": {
      "decode_s": 0.002234000014141202,
      "encode_s": 0.0031031251419335604,
      "init_s": 0.003095166990533471
    },
    "PyBytes128": {
      "decode_s": 0.0030752080492675304,
      "encode_s": 0.0032323338091373444,
      "init_s": 0.003134333062916994
    },
    "PyBytes16": {
      "decode_s": 0.002151292050257325,
      "encode_s": 0.003525499952957034,
      "init_s": 0.003020624862983823
    },
    "PyBytes256": {
      "decode_s": 0.0035587078891694546,
      "encode_s": 0.004353416850790381,
      "init_s": 0.003117708023637533
    },
    "PyBytes32": {
      "decode_s": 0.002810874953866005,
      "encode_s": 0.0033560418523848057,
      "init_s": 0.0032912089955061674
    },
    "PyBytes512": {
      "decode_s": 0.0031625418923795223,
      "encode_s": 0.0030732499435544014,
      "init_s": 0.004411957925185561
    },
    "PyBytes64": {
      "decode_s": 0.0021491660736501217,
      "encode_s": 0.003266208106651902,
      "init_s": 0.0036704170051962137
    },
    "PyDict[str,U16]": {
      "decode_s": 0.07730291690677404,
      "encode_s": 0.09582325001247227,
      "init_s": 0.0035871248692274094
    },
    "PyInt(varint)": {
      "decode_s": 0.0072072499897331,
      "encode_s": 0.006405249936506152,
      "init_s": 0.002778375055640936
    },
    "PyList[U16,N=10]": {
      "decode_s": 0.031212457921355963,
      "encode_s": 0.03205516608431935,
      "init_s": 0.00427970802411437
    },
    "PyString(var)": {
      "decode_s": 0.005624874960631132,
      "encode_s": 0.007053750101476908,
      "init_s": 0.003675708081573248
    },
    "PyU16(to_bytes)": {
      "decode_s": 0.006797166774049401,
      "encode_s": 0.0038609998300671577,
      "init_s": 0.004111666930839419
    },