{
  "profile_runs": 2000,
  "results": {
    "Array[10]": {
      "decode_s": 0.09823808399960399,
      "encode_s": 0.04947791597805917,
      "init_s": 0.01998550002463162
    },
    "Bits(var,64b)": {
      "decode_s": 0.0518420001026243,
      "encode_s": 0.09944033296778798,
      "init_s": 0.02101483312435448
    },
    "Bits[64,msb]": {
      "decode_s": 0.026950292056426406,
      "encode_s": 0.08194954181089997,
      "init_s": 0.02168725011870265
    },
    "Bool": {
      "decode_s": 0.005901499884203076,
      "encode_s": 0.005486458074301481,
      "init_s": 0.0030848330352455378
    },
    "BoundedVector[0,10]": {
      "decode_s": 0.1066484588664025,
      "encode_s": 0.06343799992464483,
      "init_s": 0.01865066704340279
    },
    "ByteArray": {
      "decode_s": 0.015117500210180879,
      "encode_s": 0.021301875123754144,
      "init_s": 0.002537874970585108
    },
    "Bytes(var,64B)": {
      "decode_s": 0.007463583955541253,
      "encode_s": 0.02342387498356402,
      "init_s": 0.002997499890625477
    },
    "Bytes1024": {
      "decode_s": 0.008136542048305273,
      "encode_s": 0.012362458044663072,
      "init_s": 0.003726624883711338
    },
    "Bytes128": {
      "decode_s": 0.00766929192468524,
      "encode_s": 0.007951625157147646,
      "init_s": 0.0026951669715344906
    },
    "Bytes16": {
      "decode_s": 0.006678833160549402,
      "encode_s": 0.008193708024919033,
      "init_s": 0.0028247497975826263
    },
    "Bytes256": {
      "decode_s": 0.008959459140896797,
      "encode_s": 0.008039041189476848,
      "init_s": 0.0028233749326318502
    },
    "Bytes32": {
      "decode_s": 0.006946041947230697,
      "encode_s": 0.007906875107437372,
      "init_s": 0.002936167176812887
    },
    "Bytes512": {
      "decode_s": 0.008031999925151467,
      "encode_s": 0.034658333053812385,
      "init_s": 0.003972667036578059
    },
    "Bytes64": {
      "decode_s": 0.006994083058089018,
      "encode_s": 0.007956000044941902,
      "init_s": 0.0028957079630345106
    },
    "Choice[U8,String]": {
      "decode_s": 0.05145374988205731,
      "encode_s": 0.037515792064368725,
      "init_s": 0.024923625169321895
    },
    "Dictionary[String,U16]": {
      "decode_s": 0.32003987510688603,
      "encode_s": 0.30691108386963606,
      "init_s": 0.01961737498641014
    },
    "Enum(Color)": {
      "decode_s": 0.01152325002476573,
      "encode_s": 0.014112125150859356,
      "init_s": 0.004295708844438195
    },
    "NullType": {
      "decode_s": 0.0045749160926789045,
      "encode_s": 0.004142833175137639,
      "init_s": 0.0024862498976290226
    },
    "Option[U16]": {
      "decode_s": 0.0460961249191314,
      "encode_s": 0.02704700012691319,
      "init_s": 0.026699082925915718
    },
    "Seq[U16,N=10]": {
      "decode_s": 0.10026333318091929,
      "encode_s": 0.049107792088761926,
      "init_s": 0.018807125044986606
    },
    "String": {
      "decode_s": 0.022589291911572218,
      "encode_s": 0.022685334086418152,
      "init_s": 0.00578095787204802
    },
    "TypedArray[U16,10]": {
      "decode_s": 0.10485233296640217,
      "encode_s": 0.04803466587327421,
      "init_s": 0.020516666118055582
    },
    "TypedBoundedVector[U16,0,10]": {
      "decode_s": 0.10621104203164577,
      "encode_s": 0.06470824987627566,
      "init_s": 0.019836875144392252
    },
    "TypedVector[U16]": {
      "decode_s": 0.1338353748433292,
      "encode_s": 0.06628570822067559,
      "init_s": 0.018563833786174655
    },
    "U16": {
      "decode_s": 0.010773415910080075,
      "encode_s": 0.003167708171531558,
      "init_s": 0.005779749946668744
    },
    "U32": {
      "decode_s": 0.01159574999473989,
      "encode_s": 0.0032960001844912767,
      "init_s": 0.006430750014260411
    },
    "U64": {
      "decode_s": 0.011082165874540806,
      "encode_s": 0.003132499987259507,
      "init_s": 0.00601712497882545
    },
    "U8": {
      "decode_s": 0.008879458997398615,
      "encode_s": 0.0029805840458720922,
      "init_s": 0.005617000162601471
    },
    "Uint": {
      "decode_s": 0.01116625010035932,
      "encode_s": 0.005825957981869578,
      "init_s": 0.006223333068192005
    },
    "Vector[U16]": {
      "decode_s": 0.1119849169626832,
      "encode_s": 0.06649987492710352,
      "init_s": 0.018731791991740465
    },
    "structure(Person)": {
      "decode_s": 0.06583745800890028,
      "encode_s": 0.05776574998162687,
      "init_s": 0.015923290979117155
    }
  },
  "runs": 20000
}