{
  "container_ops": {
    "bits_append": 0.016113041900098324,
    "bits_extend": 0.0187887919601053,
    "bytearray_append": 0.0032273749820888042,
    "bytearray_extend": 0.003425583941861987,
    "choice_get_value": 0.029357333900406957,
    "choice_set_variant1": 0.05295249982737005,
    "dictionary_get": 0.034648916916921735,
    "dictionary_items": 0.035832541063427925,
    "dictionary_keys": 0.03509608400054276,
    "dictionary_pop": 0.02725504105910659,
    "dictionary_setitem": 0.03568895789794624,
    "dictionary_values": 0.03530666697770357,
    "enum_eq": 0.0018876248504966497,
    "enum_value": 0.001964750001206994,
    "option_is_none": 0.025032540783286095,
    "option_is_some": 0.033324250020086765,
    "option_unwrap_some": 0.03430575015954673,
    "py_bits_list_append": 0.0022080419585108757,
    "py_bits_list_extend": 0.002667709020897746,
    "py_bytearray_append": 0.00279179192148149,
    "py_bytearray_extend": 0.002958624856546521,
    "py_dict_pop": 0.0025207088328897953,
    "py_dict_setitem": 0.00305133406072855,
    "py_list_append": 0.001971457852050662,
    "py_list_extend": 0.002652833005413413,
    "py_list_insert": 0.0020440828520804644,
    "py_list_pop": 0.002026542089879513,
    "py_list_setitem": 0.0026573329232633114,
    "string_concat": 0.0044283331371843815,
    "string_lower": 0.003906792029738426,
    "string_upper": 0.0039039170369505882,
    "typed_vector_append": 0.03324750019237399,
    "typed_vector_extend": 0.04031062498688698,
    "typed_vector_getitem": 0.025375250028446317,
    "typed_vector_insert": 0.03322370885871351,
    "typed_vector_iter": 0.03751462511718273,
    "typed_vector_pop": 0.025233374908566475,
    "typed_vector_setitem": 0.03289733314886689
  },
  "op_runs": 20000,
  "profile_runs": 2000,
  "results": {
    "Array[10]": {
      "decode_s": 0.10872245789505541,
      "encode_s": 0.0673073751386255,
      "init_s": 0.02223999984562397,
      "json_decode_s": 0.08312049997039139,
      "json_encode_s": 0.014470458962023258
    },
    "Bits(var,64b)": {
      "decode_s": 0.1646015839651227,
      "encode_s": 0.09576779115013778,
      "init_s": 0.0830255001783371,
      "json_decode_s": 0.11648454098030925,
      "json_encode_s": 0.07594737480394542
    },
    "Bits[64,lsb]": {
      "decode_s": 0.15659608296118677,
      "encode_s": 0.08652541600167751,
      "init_s": 0.08178424998186529,
      "json_decode_s": 0.149025582941249,
      "json_encode_s": 0.10407637502066791
    },
    "Bits[64,msb]": {
      "decode_s": 0.1625205841846764,
      "encode_s": 0.08298629196360707,
      "init_s": 0.08160612499341369,
      "json_decode_s": 0.11935920780524611,
      "json_encode_s": 0.0758245000615716
    },
    "Bits[8,lsb]": {
      "decode_s": 0.03785341698676348,
      "encode_s": 0.021136875031515956,
      "init_s": 0.01604816596955061,
      "json_decode_s": 0.03126837499439716,
      "json_encode_s": 0.024041666882112622
    },
    "Bits[8,msb]": {
      "decode_s": 0.034744749777019024,
      "encode_s": 0.021284208167344332,
      "init_s": 0.016301458002999425,
      "json_decode_s": 0.031465415842831135,
      "json_encode_s": 0.01887762499973178
    },
    "Bool": {
      "decode_s": 0.0059285410679876804,
      "encode_s": 0.006401624996215105,
      "init_s": 0.002960957819595933,
      "json_decode_s": 0.003239499870687723,
      "json_encode_s": 0.0022795831318944693
    },
    "BoundedVector[0,10]": {
      "decode_s": 0.11300499993376434,
      "encode_s": 0.081838833168149,
      "init_s": 0.018804040970280766,
      "json_decode_s": 0.08266570791602135,
      "json_encode_s": 0.01455720909871161
    },
    "ByteArray": {
      "decode_s": 0.006648333976045251,
      "encode_s": 0.014167959103360772,
      "init_s": 0.0027275001630187035,
      "json_decode_s": 0.008393750060349703,
      "json_encode_s": 0.003106999909505248
    },
    "Bytes(var,64B)": {
      "decode_s": 0.007087582955136895,
      "encode_s": 0.015433249995112419,
      "init_s": 0.002779040951281786,
      "json_decode_s": 0.015398249961435795,
      "json_encode_s": 0.0030194998253136873
    },
    "Bytes1024": {
      "decode_s": 0.008144832914695144,
      "encode_s": 0.012007083976641297,
      "init_s": 0.003399833105504513,
      "json_decode_s": 0.07332837488502264,
      "json_encode_s": 0.016242333920672536
    },
    "Bytes128": {
      "decode_s": 0.005761916982010007,
      "encode_s": 0.007941499818116426,
      "init_s": 0.002867083065211773,
      "json_decode_s": 0.012917458079755306,
      "json_encode_s": 0.0037410000804811716
    },
    "Bytes16": {
      "decode_s": 0.005766832968220115,
      "encode_s": 0.013534624828025699,
      "init_s": 0.009014124982059002,
      "json_decode_s": 0.005558375036343932,
      "json_encode_s": 0.0024473329540342093
    },
    "Bytes256": {
      "decode_s": 0.005496582947671413,
      "encode_s": 0.008131125010550022,
      "init_s": 0.0027627090457826853,
      "json_decode_s": 0.02130758296698332,
      "json_encode_s": 0.006546375108882785
    },
    "Bytes32": {
      "decode_s": 0.0060015839990228415,
      "encode_s": 0.008175417082384229,
      "init_s": 0.002973417052999139,
      "json_decode_s": 0.00679970788769424,
      "json_encode_s": 0.0027013749349862337
    },
    "Bytes512": {
      "decode_s": 0.008138583041727543,
      "encode_s": 0.012751417001709342,
      "init_s": 0.004121500067412853,
      "json_decode_s": 0.04041462508030236,
      "json_encode_s": 0.00943033304065466
    },
    "Bytes64": {
      "decode_s": 0.005688457982614636,
      "encode_s": 0.008024292066693306,
      "init_s": 0.0030308749992400408,
      "json_decode_s": 0.00858241692185402,
      "json_encode_s": 0.003114999970421195
    },
    "Choice[U8,String]": {
      "decode_s": 0.052902583964169025,
      "encode_s": 0.023070208029821515,
      "init_s": 0.025726875057443976,
      "json_encode_s": 0.0022395828273147345
    },
    "Choice[U8,U16,String]": {
      "decode_s": 0.05610304092988372,
      "encode_s": 0.02158433315344155,
      "init_s": 0.029910000041127205,
      "json_encode_s": 0.002661874983459711
    },
    "Dictionary[String,String]": {
      "decode_s": 0.36050195898860693,
      "encode_s": 0.4195862081833184,
      "init_s": 0.023724541068077087,
      "json_decode_s": 0.08824029099196196,
      "json_encode_s": 0.01958249998278916
    },
    "Dictionary[String,U16]": {
      "decode_s": 0.2962477079126984,
      "encode_s": 0.2717231248971075,
      "init_s": 0.02349570905789733,
      "json_decode_s": 0.12038854113779962,
      "json_encode_s": 0.02465341705828905
    },
    "Dictionary[U8,String]": {
      "decode_s": 0.28981204191222787,
      "encode_s": 0.2645219159312546,
      "init_s": 0.023566708201542497,
      "json_decode_s": 0.11419991706497967,
      "json_encode_s": 0.023642083164304495
    },
    "Enum(Color)": {
      "decode_s": 0.013259375002235174,
      "encode_s": 0.012794042006134987,
      "init_s": 0.004342207917943597,
      "json_decode_s": 0.005553416907787323,
      "json_encode_s": 0.0014154589734971523
    },
    "NullType": {
      "decode_s": 0.004573207814246416,
      "encode_s": 0.004385665990412235,
      "init_s": 0.002486207988113165,
      "json_decode_s": 0.0024312918540090322,
      "json_encode_s": 0.0013906669337302446
    },
    "Option[U16]": {
      "decode_s": 0.04789833398535848,
      "encode_s": 0.012986290967091918,
      "init_s": 0.027101167012006044,
      "json_decode_s": 0.03049316699616611,
      "json_encode_s": 0.0038742090109735727
    },
    "PyArray('H',10)": {
      "decode_s": 0.0029545000288635492,
      "encode_s": 0.005328750004991889,
      "init_s": 0.004650583956390619
    },
    "PyBits(var,64b)": {
      "decode_s": 0.09944216604344547,
      "encode_s": 0.057345583103597164,
      "init_s": 0.0035740830935537815
    },
    "PyBits[64,msb]": {
      "decode_s": 0.09748666710220277,
      "encode_s": 0.05479825008660555,