{
  "profile_runs": 2000,
  "results": {
    "Array[10]": {
      "decode_s": 0.06776770786382258,
      "encode_s": 0.04859754187054932,
      "init_s": 0.018805708969011903
    },
    "Bits(var,64b)": {
      "decode_s": 0.05060654110275209,
      "encode_s": 0.09940137504599988,
      "init_s": 0.020596041111275554
    },
    "Bits[64,msb]": {
      "decode_s": 0.030617916956543922,
      "encode_s": 0.09246520814485848,
      "init_s": 0.02164829196408391
    },
    "Bool": {
      "decode_s": 0.006013500038534403,
      "encode_s": 0.005399750079959631,
      "init_s": 0.0030769999139010906
    },
    "BoundedVector[0,10]": {
      "decode_s": 0.07123591704294086,
      "encode_s": 0.06323949992656708,
      "init_s": 0.018939125118777156
    },
    "ByteArray": {
      "decode_s": 0.013356916839256883,
      "encode_s": 0.020703041926026344,
      "init_s": 0.002586000133305788
    },
    "Bytes(var,64B)": {
      "decode_s": 0.00746170780621469,
      "encode_s": 0.02291779196821153,
      "init_s": 0.0030130420345813036
    },
    "Bytes1024": {
      "decode_s": 0.008149749832227826,
      "encode_s": 0.012108249822631478,
      "init_s": 0.0037124999798834324
    },
    "Bytes128": {
      "decode_s": 0.007612082874402404,
      "encode_s": 0.007899750024080276,
      "init_s": 0.002661250066012144
    },
    "Bytes16": {
      "decode_s": 0.006447167135775089,
      "encode_s": 0.00831408309750259,
      "init_s": 0.0028253751806914806
    },
    "Bytes256": {
      "decode_s": 0.0073692090809345245,
      "encode_s": 0.008004209026694298,
      "init_s": 0.002790750004351139
    },
    "Bytes32": {
      "decode_s": 0.00686999992467463,
      "encode_s": 0.007799832848832011,
      "init_s": 0.003131125122308731
    },
    "Bytes512": {
      "decode_s": 0.00788662489503622,
      "encode_s": 0.012877999804913998,
      "init_s": 0.003995749866589904
    },
    "Bytes64": {
      "decode_s": 0.00719687482342124,
      "encode_s": 0.007636917056515813,
      "init_s": 0.0028318329714238644
    },
    "Choice[U8,String]": {
      "decode_s": 0.043408916098997,
      "encode_s": 0.037263707956299186,
      "init_s": 0.024580582976341248
    },
    "Dictionary[String,U16]": {
      "decode_s": 0.1894538749475032,
      "encode_s": 0.2756197499111295,
      "init_s": 0.024156207917258143
    },
    "Enum(Color)": {
      "decode_s": 0.009368415921926498,
      "encode_s": 0.013697625137865543,
      "init_s": 0.004194915993139148
    },
    "NullType": {
      "decode_s": 0.004528250079602003,
      "encode_s": 0.00427224999293685,
      "init_s": 0.0023194998502731323
    },
    "Option[U16]": {
      "decode_s": 0.042454334208741784,
      "encode_s": 0.027503875084221363,
      "init_s": 0.027132125105708838
    },
    "Seq[U16,N=10]": {
      "decode_s": 0.06668120878748596,
      "encode_s": 0.047601165948435664,
      "init_s": 0.018901415867730975
    },
    "String": {
      "decode_s": 0.014536665985360742,
      "encode_s": 0.024409207981079817,
      "init_s": 0.002698709024116397
    },
    "TypedArray[U16,10]": {
      "decode_s": 0.06588749983347952,
      "encode_s": 0.047895540948957205,
      "init_s": 0.018422999884933233
    },
    "TypedBoundedVector[U16,0,10]": {
      "decode_s": 0.07157341693527997,
      "encode_s": 0.06460829079151154,
      "init_s": 0.0185098338406533
    },
    "TypedVector[U16]": {
      "decode_s": 0.07155549991875887,
      "encode_s": 0.064840333070606,
      "init_s": 0.01883637486025691
    },
    "U16": {
      "decode_s": 0.007798791863024235,
      "encode_s": 0.0032827090471982956,
      "init_s": 0.005860249977558851
    },
    "U32": {
      "decode_s": 0.00822979211807251,
      "encode_s": 0.0031553751323372126,
      "init_s": 0.006376707926392555
    },
    "U64": {
      "decode_s": 0.007650166982784867,
      "encode_s": 0.003050458151847124,
      "init_s": 0.005969374906271696
    },
    "U8": {
      "decode_s": 0.005883833859115839,
      "encode_s": 0.0030136669520288706,
      "init_s": 0.005813708063215017
    },
    "Uint": {
      "decode_s": 0.008418790996074677,
      "encode_s": 0.0059955420438200235,
      "init_s": 0.006227083038538694
    },
    "Vector[U16]": {
      "decode_s": 0.07349241594783962,
      "encode_s": 0.06464104214683175,
      "init_s": 0.018559749936684966
    },
    "structure(Person)": {
      "decode_s": 0.049366709077730775,
      "encode_s": 0.057983041973784566,
      "init_s": 0.015716625144705176
    }
  },
  "runs": 20000
}