{
  "container_ops": {
    "bits_append": 0.01521020894870162,
    "bits_extend": 0.017935125157237053,
    "bytearray_append": 0.0031071670819073915,
    "bytearray_extend": 0.003273584181442857,
    "choice_get_value": 0.02988825016655028,
    "choice_set_variant1": 0.053087957901880145,
    "dictionary_get": 0.03166154189966619,
    "dictionary_items": 0.032537917140871286,
    "dictionary_keys": 0.03205466712825,
    "dictionary_pop": 0.024345292011275887,
    "dictionary_setitem": 0.03142879204824567,
    "dictionary_values": 0.032310625072568655,
    "enum_eq": 0.0018516660202294588,
    "enum_value": 0.0019188327714800835,
    "option_is_none": 0.026087458012625575,
    "option_is_some": 0.03472500015050173,
    "option_unwrap_some": 0.034375542076304555,
    "py_bits_list_append": 0.0020719999447464943,
    "py_bits_list_extend": 0.00265962490811944,
    "py_bytearray_append": 0.002665249863639474,
    "py_bytearray_extend": 0.0028098749462515116,
    "py_dict_pop": 0.0022568751592189074,
    "py_dict_setitem": 0.0028685000725090504,
    "py_list_append": 0.0019771249499171972,
    "py_list_extend": 0.0026789591647684574,
    "py_list_insert": 0.0019545829854905605,
    "py_list_pop": 0.001928791869431734,
    "py_list_setitem": 0.0024681249633431435,
    "string_concat": 0.004475041991099715,
    "string_lower": 0.003948916913941503,
    "string_upper": 0.003831834066659212,
    "typed_vector_append": 0.03571704216301441,
    "typed_vector_extend": 0.04180283285677433,
    "typed_vector_getitem": 0.02628408302552998,
    "typed_vector_insert": 0.03450620803050697,
    "typed_vector_iter": 0.03979249997064471,
    "typed_vector_pop": 0.02618791605345905,
    "typed_vector_setitem": 0.0343939159065485
  },
  "op_runs": 20000,
  "profile_runs": 2000,
  "results": {
    "Array[10]": {
      "decode_s": 0.11605337494984269,
      "encode_s": 0.07653295900672674,
      "init_s": 0.01883687498047948,
      "json_decode_s": 0.08647745801135898,
      "json_encode_s": 0.014466458931565285
    },
    "Bits(var,64b)": {
      "decode_s": 0.15877708396874368,
      "encode_s": 0.19123287498950958,
      "init_s": 0.08721108292229474,
      "json_decode_s": 0.11910287500359118,
      "json_encode_s": 0.07900191703811288
    },
    "Bits[64,lsb]": {
      "decode_s": 0.1566601658705622,
      "encode_s": 0.19173324992880225,
      "init_s": 0.08352370792999864,
      "json_decode_s": 0.15083391591906548,
      "json_encode_s": 0.10629962501116097
    },
    "Bits[64,msb]": {
      "decode_s": 0.1235023329500109,
      "encode_s": 0.16054787510074675,
      "init_s": 0.08164354180917144,
      "json_decode_s": 0.12239949987269938,
      "json_encode_s": 0.07569550001062453
    },
    "Bits[8,lsb]": {
      "decode_s": 0.03485637507401407,
      "encode_s": 0.04665608401410282,
      "init_s": 0.016041541937738657,
      "json_decode_s": 0.03258808399550617,
      "json_encode_s": 0.022731166100129485
    },
    "Bits[8,msb]": {
      "decode_s": 0.03189379093237221,
      "encode_s": 0.04269279190339148,
      "init_s": 0.016273041954264045,
      "json_decode_s": 0.02943262504413724,
      "json_encode_s": 0.018618499860167503
    },
    "Bool": {
      "decode_s": 0.005732708843424916,
      "encode_s": 0.005468207877129316,
      "init_s": 0.00304183317348361,
      "json_decode_s": 0.0031144588720053434,
      "json_encode_s": 0.0022731670178472996
    },
    "BoundedVector[0,10]": {
      "decode_s": 0.12538391700945795,
      "encode_s": 0.09152541612274945,
      "init_s": 0.018364332849159837,
      "json_decode_s": 0.084370750002563,
      "json_encode_s": 0.01391266705468297
    },
    "ByteArray": {
      "decode_s": 0.021801874972879887,
      "encode_s": 0.021983084036037326,
      "init_s": 0.002584374975413084,
      "json_decode_s": 0.008094125194475055,
      "json_encode_s": 0.0028874168638139963
    },
    "Bytes(var,64B)": {
      "decode_s": 0.01796304085291922,
      "encode_s": 0.022627750178799033,
      "init_s": 0.0029205000028014183,
      "json_decode_s": 0.008559624897316098,
      "json_encode_s": 0.0029379159677773714
    },
    "Bytes1024": {
      "decode_s": 0.007061915937811136,
      "encode_s": 0.012911790981888771,
      "init_s": 0.003924666903913021,
      "json_decode_s": 0.07314783288165927,
      "json_encode_s": 0.015743790892884135
    },
    "Bytes128": {
      "decode_s": 0.005868874955922365,
      "encode_s": 0.007771124830469489,
      "init_s": 0.0029147090390324593,
      "json_decode_s": 0.013710957951843739,
      "json_encode_s": 0.00405029091052711
    },
    "Bytes16": {
      "decode_s": 0.005982041824609041,
      "encode_s": 0.008310083067044616,
      "init_s": 0.002996250055730343,
      "json_decode_s": 0.0055060419254004955,
      "json_encode_s": 0.0022679162211716175
    },
    "Bytes256": {
      "decode_s": 0.006694791140034795,
      "encode_s": 0.008802416967228055,
      "init_s": 0.0031188339926302433,
      "json_decode_s": 0.02205754187889397,
      "json_encode_s": 0.01123891700990498
    },
    "Bytes32": {
      "decode_s": 0.005856584059074521,
      "encode_s": 0.008041791850700974,
      "init_s": 0.002923416905105114,
      "json_decode_s": 0.006430250126868486,
      "json_encode_s": 0.002594041172415018
    },
    "Bytes512": {
      "decode_s": 0.04831008403562009,
      "encode_s": 0.01400620792992413,
      "init_s": 0.004104666877537966,
      "json_decode_s": 0.042332292068749666,
      "json_encode_s": 0.01887633395381272
    },
    "Bytes64": {
      "decode_s": 0.005850624991580844,
      "encode_s": 0.007914791814982891,
      "init_s": 0.0029113751370459795,
      "json_decode_s": 0.008707374799996614,
      "json_encode_s": 0.002949124900624156
    },
    "Choice[U8,String]": {
      "decode_s": 0.05060166702605784,
      "encode_s": 0.037654042011126876,
      "init_s": 0.02454162505455315,
      "json_encode_s": 0.002322833053767681
    },
    "Choice[U8,U16,String]": {
      "decode_s": 0.0551705420948565,
      "encode_s": 0.037542250007390976,
      "init_s": 0.029393249889835715,
      "json_encode_s": 0.0025140000507235527
    },
    "Dictionary[String,String]": {
      "decode_s": 0.34805891709402204,
      "encode_s": 0.45254195807501674,
      "init_s": 0.01963312504813075,
      "json_decode_s": 0.08327433397062123,
      "json_encode_s": 0.01943170791491866
    },
    "Dictionary[String,U16]": {
      "decode_s": 0.29183304216712713,
      "encode_s": 0.2961756670847535,
      "init_s": 0.019653917057439685,
      "json_decode_s": 0.11992054199799895,
      "json_encode_s": 0.02419766690582037
    },
    "Dictionary[U8,String]": {
      "decode_s": 0.29262216691859066,
      "encode_s": 0.29593312507495284,
      "init_s": 0.019524083007127047,
      "json_decode_s": 0.11740275006741285,
      "json_encode_s": 0.023185708094388247
    },
    "Enum(Color)": {
      "decode_s": 0.013466333039104939,
      "encode_s": 0.015085000079125166,
      "init_s": 0.004357915837317705,
      "json_decode_s": 0.005295833107084036,
      "json_encode_s": 0.0015302919782698154
    },
    "NullType": {
      "decode_s": 0.0046388329938054085,
      "encode_s": 0.004329666029661894,
      "init_s": 0.0023161249700933695,
      "json_decode_s": 0.0024185841903090477,
      "json_encode_s": 0.0013792919926345348
    },
    "Option[U16]": {
      "decode_s": 0.04752583312802017,
      "encode_s": 0.02806137502193451,
      "init_s": 0.026310750050470233,
      "json_decode_s": 0.030205416958779097,
      "json_encode_s": 0.003187249880284071
    },
    "PyArray('H',10)": {
      "decode_s": 0.003112874925136566,
      "encode_s": 0.00535383285023272,
      "init_s": 0.004695415962487459
    },
    "PyBits(var,64b)": {
      "decode_s": 0.09961875015869737,
      "encode_s": 0.05718366685323417,
      "init_s": 0.003772582858800888
    },
    "PyBits[64,msb]": {
      "decode_s": 0.09919016691856086,
      "encode_s": 0.05509987520053983,